"Day","Start Time","End Time","Program","Facilitators","Topic","Outline","Audience","OSF link","Slack channel name","Slack channel link","Technical assistance","Jul","Ste","Mag","Ani","Ine","Sof","Mar","Aph","Olu","Los","Abd"
2025-10-15,"2025-10-15 07:00:00","2025-10-16 07:15:00","Conference opening","SORTEE leadership","Opening remarks","Short talk by SORTEE leadership","Everyone","https://osf.io/jk9yu/","#conference2025","https://sortee.slack.com/archives/C09H0S271V4","Anita Tarandek, Marija Purgar",TRUE,FALSE,TRUE,TRUE,TRUE,FALSE,TRUE,FALSE,FALSE,FALSE,FALSE
2025-10-15,"2025-10-15 07:15:00","2025-10-15 08:00:00","Introduction to Open Science Practices: The ‘what’, ‘why’, and ‘how’ of open science","SORTEE Education & Outreach Committee","What is open science, why does it matter, and how can you make your work more transparent? This introductory session will provide a brief overview of key areas in open, reliable, and transparent research.","A presentation broken up into key topics (e.g., ""Code and data sharing"" or ""Preprints""). For each, the facilitators will explain what it means, the motivation for doing it, and give links to useful resources (papers, tools like EcoEvoRxiv, Dryad, etc.)","A session dedicated to people new to open science practices but everybody is welcome to attend!","https://osf.io/qf2dv/","#conf2025-introduction-to-open-science","https://sortee.slack.com/archives/C09HUSLKQBS","Anita Tarandek, Marija Purgar",TRUE,FALSE,TRUE,TRUE,TRUE,FALSE,TRUE,FALSE,FALSE,FALSE,FALSE
2025-10-15,"2025-10-15 08:00:00","2025-10-15 08:30:00","Unconference 1: A “Garden of Forking Paths” or of “Apples and Oranges”?","Ulrich Knief, Wolfgang Forstmeier","When a large number of researchers is asked to analyze the same dataset to address a shared research question, results often show substantial heterogeneity between analysts. This heterogeneity has been documented in several “many-analyst studies”, and is usually attributed to arbitrary decisions in data analysis (the so-called “Garden of Forking Paths”), which seems to be the reason behind the variance in study outcomes and conclusions. In this Unconference, we would like to discuss whether such heterogeneity truly reflects noise emerging from arbitrary analysis decisions, or whether different researchers were in fact addressing different biological questions (i.e. “comparing Apples and Oranges”).","The session will start with an introductory note on how heterogeneity in research findings can be explained as originating from multiple sources of error, one of which is the uncertainty of how to best analyze the data. We will then proceed to a specific example, which illustrates that truly arbitrary analysis decisions have surprisingly little effect on the outcome, and that most of the disagreement in conclusions results from researchers implicitly asking different questions, often without being aware of this. This will serve as a starting point for an open discussion on the generality of these insights and their implications.","Everyone is welcome and likely to benefit, regardless of statistical background. Researchers with expertise in statistics, meta-analysis, and philosophy of science are particularly encouraged to attend.","https://osf.io/kre8g/","#conf2025-u01-a-garden-of-forking-paths-or-of-apples-and-oranges","https://sortee.slack.com/archives/C09H1BGR4BU","Ineta Kačergytė, Magdalena Wutkowska",TRUE,FALSE,TRUE,TRUE,TRUE,FALSE,TRUE,FALSE,FALSE,FALSE,FALSE
2025-10-15,"2025-10-15 08:30:00","2025-10-15 08:55:00","Unconference 1 (continued)","Ulrich Knief, Wolfgang Forstmeier","When a large number of researchers is asked to analyze the same dataset to address a shared research question, results often show substantial heterogeneity between analysts. This heterogeneity has been documented in several “many-analyst studies”, and is usually attributed to arbitrary decisions in data analysis (the so-called “Garden of Forking Paths”), which seems to be the reason behind the variance in study outcomes and conclusions. In this Unconference, we would like to discuss whether such heterogeneity truly reflects noise emerging from arbitrary analysis decisions, or whether different researchers were in fact addressing different biological questions (i.e. “comparing Apples and Oranges”).","The session will start with an introductory note on how heterogeneity in research findings can be explained as originating from multiple sources of error, one of which is the uncertainty of how to best analyze the data. We will then proceed to a specific example, which illustrates that truly arbitrary analysis decisions have surprisingly little effect on the outcome, and that most of the disagreement in conclusions results from researchers implicitly asking different questions, often without being aware of this. This will serve as a starting point for an open discussion on the generality of these insights and their implications.","Everyone is welcome and likely to benefit, regardless of statistical background. Researchers with expertise in statistics, meta-analysis, and philosophy of science are particularly encouraged to attend.","https://osf.io/kre8g/","#conf2025-u01-a-garden-of-forking-paths-or-of-apples-and-oranges","https://sortee.slack.com/archives/C09H1BGR4BU","Ineta Kačergytė, Magdalena Wutkowska",TRUE,FALSE,TRUE,TRUE,TRUE,FALSE,TRUE,FALSE,FALSE,FALSE,FALSE
2025-10-15,"2025-10-15 09:00:00","2025-10-15 09:30:00","Hackathon 1: Rally support for Open Science in Ecology & Evolution","SORTEE Member Engagement Committee","Help promote SORTEE to a wide and diverse audience! In this hackathon, we’ll use email and social media templates to invite your colleagues and peers to connect to SORTEE. Together, the hackathon participants’ extended network will thus rally support for Open Science in Ecology & Evolution.","We will come together as a community and work towards our shared goal of rallying support for more Open, Reliable and Transparent (ORT) research in Ecology & Evolution. By becoming a SORTEE member and inviting potential new members, you help expand SORTEE’s community, so SORTEE can be more efficient in advocating for and training people in ORT.</br>
During the hackathon, we will do three activities towards this goal:</br>
(1) Use our committee’s new outreach email and social media templates to invite your colleagues to SORTEE.</br>
(2) Expand SORTEE's social media networks, to invite diverse groups of people to connect to SORTEE on LinkedIn and BlueSky, via a short tutorial.</br>
(3) Open discussion on how to best pitch SORTEE to others.</br>
Join and meet each other! Boosting your motivation to keep working towards Open Science.","Everyone. Anyone interested in Open Science and willing to help expand SORTEE’s community is welcome.","https://osf.io/f8e6c/","#conf2025-h01-rally-support-for-open-science-in-ecology-and-evolution","https://sortee.slack.com/archives/C09HUSP7JD6","Ineta Kačergytė, Magdalena Wutkowska",TRUE,FALSE,TRUE,TRUE,TRUE,FALSE,TRUE,FALSE,FALSE,FALSE,FALSE
2025-10-15,"2025-10-15 09:30:00","2025-10-15 09:55:00","Hackathon 1 (continued)","SORTEE Member Engagement Committee","Help promote SORTEE to a wide and diverse audience! In this hackathon, we’ll use email and social media templates to invite your colleagues and peers to connect to SORTEE. Together, the hackathon participants’ extended network will thus rally support for Open Science in Ecology & Evolution.","We will come together as a community and work towards our shared goal of rallying support for more Open, Reliable and Transparent (ORT) research in Ecology & Evolution. By becoming a SORTEE member and inviting potential new members, you help expand SORTEE’s community, so SORTEE can be more efficient in advocating for and training people in ORT.</br>
During the hackathon, we will do three activities towards this goal:</br>
(1) Use our committee’s new outreach email and social media templates to invite your colleagues to SORTEE.</br>
(2) Expand SORTEE's social media networks, to invite diverse groups of people to connect to SORTEE on LinkedIn and BlueSky, via a short tutorial.</br>
(3) Open discussion on how to best pitch SORTEE to others.</br>
Join and meet each other! Boosting your motivation to keep working towards Open Science.","Everyone. Anyone interested in Open Science and willing to help expand SORTEE’s community is welcome.","https://osf.io/f8e6c/","#conf2025-h01-rally-support-for-open-science-in-ecology-and-evolution","https://sortee.slack.com/archives/C09HUSP7JD6","Ineta Kačergytė, Magdalena Wutkowska",TRUE,FALSE,TRUE,TRUE,TRUE,FALSE,TRUE,FALSE,FALSE,FALSE,FALSE
2025-10-15,"2025-10-15 10:00:00","2025-10-15 10:30:00","Unconference 2: Establishing guidelines for research integrity in macroecology and macroevolution","Joseph Tobias, Bethany Allen, Alex Pigot, Will Pearse","Research quality in macroecology, macroevolution and One Health may be undermined by inappropriate research practices, yet pre-registration of research proposals in these high-impact fields is almost non-existent. This session will explore whether pre-registration could improve research transparency, rigour and integrity in non-experimental macro-scale research, and if so what form it should take. The goal is to co-create an outline of guidelines that could be developed and published to promote pre-registration and related practices in fields often considered to be outside the scope of pre-registration.","0–15 mins: Introduction<br>
15–45 mins: Break-out session 1 “challenges and opportunities” (2 groups A and B)<br>
45–60 mins: Summary and discussion of goals<br>
60–100 mins: Break out session 2 “planning the guidelines” (2 groups A and B)<br>
100–120 mins: Wrap up and suggestions for next steps<br>","Everyone","","#conf2025-u02-establishing-guidelines-for-research-integrity","https://sortee.slack.com/archives/C09HUSKPSLQ","Anita Tarandek, Magdalena Wutkowska",TRUE,FALSE,TRUE,TRUE,TRUE,FALSE,FALSE,FALSE,FALSE,FALSE,FALSE
2025-10-15,"2025-10-15 10:30:00","2025-10-15 11:00:00","Unconference 2 (continued)","Joseph Tobias, Bethany Allen, Alex Pigot, Will Pearse","Research quality in macroecology, macroevolution and One Health may be undermined by inappropriate research practices, yet pre-registration of research proposals in these high-impact fields is almost non-existent. This session will explore whether pre-registration could improve research transparency, rigour and integrity in non-experimental macro-scale research, and if so what form it should take. The goal is to co-create an outline of guidelines that could be developed and published to promote pre-registration and related practices in fields often considered to be outside the scope of pre-registration.","0–15 mins: Introduction<br>
15–45 mins: Break-out session 1 “challenges and opportunities” (2 groups A and B)<br>
45–60 mins: Summary and discussion of goals<br>
60–100 mins: Break out session 2 “planning the guidelines” (2 groups A and B)<br>
100–120 mins: Wrap up and suggestions for next steps<br>","Everyone","","#conf2025-u02-establishing-guidelines-for-research-integrity","https://sortee.slack.com/archives/C09HUSKPSLQ","Anita Tarandek, Magdalena Wutkowska",TRUE,FALSE,TRUE,TRUE,TRUE,FALSE,FALSE,FALSE,FALSE,FALSE,FALSE
2025-10-15,"2025-10-15 11:00:00","2025-10-15 11:30:00","Unconference 2 (continued)","Joseph Tobias, Bethany Allen, Alex Pigot, Will Pearse","Research quality in macroecology, macroevolution and One Health may be undermined by inappropriate research practices, yet pre-registration of research proposals in these high-impact fields is almost non-existent. This session will explore whether pre-registration could improve research transparency, rigour and integrity in non-experimental macro-scale research, and if so what form it should take. The goal is to co-create an outline of guidelines that could be developed and published to promote pre-registration and related practices in fields often considered to be outside the scope of pre-registration.","0–15 mins: Introduction<br>
15–45 mins: Break-out session 1 “challenges and opportunities” (2 groups A and B)<br>
45–60 mins: Summary and discussion of goals<br>
60–100 mins: Break out session 2 “planning the guidelines” (2 groups A and B)<br>
100–120 mins: Wrap up and suggestions for next steps<br>","Everyone","","#conf2025-u02-establishing-guidelines-for-research-integrity","https://sortee.slack.com/archives/C09HUSKPSLQ","Anita Tarandek, Magdalena Wutkowska",TRUE,FALSE,TRUE,TRUE,TRUE,FALSE,FALSE,FALSE,FALSE,FALSE,FALSE
2025-10-15,"2025-10-15 11:30:00","2025-10-15 12:00:00","Unconference 2 (continued)","Joseph Tobias, Bethany Allen, Alex Pigot, Will Pearse","Research quality in macroecology, macroevolution and One Health may be undermined by inappropriate research practices, yet pre-registration of research proposals in these high-impact fields is almost non-existent. This session will explore whether pre-registration could improve research transparency, rigour and integrity in non-experimental macro-scale research, and if so what form it should take. The goal is to co-create an outline of guidelines that could be developed and published to promote pre-registration and related practices in fields often considered to be outside the scope of pre-registration.","0–15 mins: Introduction<br>
15–45 mins: Break-out session 1 “challenges and opportunities” (2 groups A and B)<br>
45–60 mins: Summary and discussion of goals<br>
60–100 mins: Break out session 2 “planning the guidelines” (2 groups A and B)<br>
100–120 mins: Wrap up and suggestions for next steps<br>","Everyone","","#conf2025-u02-establishing-guidelines-for-research-integrity","https://sortee.slack.com/archives/C09HUSKPSLQ","Anita Tarandek, Magdalena Wutkowska",FALSE,FALSE,TRUE,TRUE,TRUE,FALSE,FALSE,FALSE,FALSE,FALSE,FALSE
2025-10-15,"2025-10-15 12:00:00","2025-10-15 12:30:00","Welcome to SORTEE! / Lunch break","SORTEE","Join us for a multilingual social break! Learn more about what is SORTEE, how SORTEE is organised and what is look like to be a SORTEE volunteer — all presented in your native language.","We will offer breakout rooms in different languages, each hosted by a friendly SORTEE member. It is a great opportunity to connect, relax, and chat in your preferred language. We will begin with a very short introduction to SORTEE for newcomers. Rooms will be available in:<br>
- Brazilian/Portuguese<br>
- Croatian<br>
- English<br>
- French<br>
- Spanish<br>","Everyone","","#conference2025","https://sortee.slack.com/archives/C09H0S271V4","Anita Tarandek, Ineta Kačergytė",TRUE,FALSE,TRUE,TRUE,TRUE,FALSE,FALSE,FALSE,FALSE,FALSE,FALSE
2025-10-15,"2025-10-15 12:30:00","2025-10-15 13:00:00","Hackathon 2: EcoEvo SORTEE ReproHack: Reproducibility Hackathon of Recent Research in Ecology & Evolution","Valentin Lucet, Alex Arkilanian","The session's main theme is to to learn about reproducible methods by attempting to reproduce a recently published EcoEvo journal article. The goals will be to identify instructions for reproducing the analysis and figures, attempt to follow them, and reflect on the exercise. Participants will be placed in groups of mixed experience levels and will be assisted by the two instructors.","The session will run in 3 parts:</br>
1) A short introductory lecture with tips and tricks on how to attempt to reproduce a paper ;</br>
2) Attendees will break off in small groups, each attempting to reproduce a different paper and filling up a qualitative openness score sheet ;</br>
3) We will reconvene and read together the score sheets. Participants will be encouraged to continue with the reproducibility exercise after the hackathon.","This hackathon is open to anyone acquainted with the basics of running code on their computer (for example, opening and running a script in RStudio). We encourage anyone interested in the reproducibility of the code they encounter or submit in journals to join us. We will aim to balance groups between experienced and inexperiences coders.","","#conf2025-h02-eco-evo-sortee-repro-hack","https://sortee.slack.com/archives/C09H65X27KN","Ineta Kačergytė, Magdalena Wutkowska",TRUE,FALSE,TRUE,TRUE,TRUE,FALSE,FALSE,FALSE,FALSE,FALSE,FALSE
2025-10-15,"2025-10-15 13:00:00","2025-10-15 13:30:00","Hackathon 2 (continued)","Valentin Lucet, Alex Arkilanian","The session's main theme is to to learn about reproducible methods by attempting to reproduce a recently published EcoEvo journal article. The goals will be to identify instructions for reproducing the analysis and figures, attempt to follow them, and reflect on the exercise. Participants will be placed in groups of mixed experience levels and will be assisted by the two instructors.","The session will run in 3 parts:</br>
1) A short introductory lecture with tips and tricks on how to attempt to reproduce a paper ;</br>
2) Attendees will break off in small groups, each attempting to reproduce a different paper and filling up a qualitative openness score sheet ;</br>
3) We will reconvene and read together the score sheets. Participants will be encouraged to continue with the reproducibility exercise after the hackathon.","This hackathon is open to anyone acquainted with the basics of running code on their computer (for example, opening and running a script in RStudio). We encourage anyone interested in the reproducibility of the code they encounter or submit in journals to join us. We will aim to balance groups between experienced and inexperiences coders.","","#conf2025-h02-eco-evo-sortee-repro-hack","https://sortee.slack.com/archives/C09H65X27KN","Ineta Kačergytė, Magdalena Wutkowska",TRUE,FALSE,TRUE,TRUE,TRUE,FALSE,FALSE,FALSE,FALSE,FALSE,FALSE
2025-10-15,"2025-10-15 13:30:00","2025-10-15 14:00:00","Hackathon 2 (continued)","Valentin Lucet, Alex Arkilanian","The session's main theme is to to learn about reproducible methods by attempting to reproduce a recently published EcoEvo journal article. The goals will be to identify instructions for reproducing the analysis and figures, attempt to follow them, and reflect on the exercise. Participants will be placed in groups of mixed experience levels and will be assisted by the two instructors.","The session will run in 3 parts:</br>
1) A short introductory lecture with tips and tricks on how to attempt to reproduce a paper ;</br>
2) Attendees will break off in small groups, each attempting to reproduce a different paper and filling up a qualitative openness score sheet ;</br>
3) We will reconvene and read together the score sheets. Participants will be encouraged to continue with the reproducibility exercise after the hackathon.","This hackathon is open to anyone acquainted with the basics of running code on their computer (for example, opening and running a script in RStudio). We encourage anyone interested in the reproducibility of the code they encounter or submit in journals to join us. We will aim to balance groups between experienced and inexperiences coders.","","#conf2025-h02-eco-evo-sortee-repro-hack","https://sortee.slack.com/archives/C09H65X27KN","Ineta Kačergytė, Magdalena Wutkowska",TRUE,FALSE,TRUE,TRUE,TRUE,FALSE,FALSE,FALSE,FALSE,FALSE,FALSE
2025-10-15,"2025-10-15 14:00:00","2025-10-15 14:20:00","Hackathon 2 (continued)","Valentin Lucet, Alex Arkilanian","The session's main theme is to to learn about reproducible methods by attempting to reproduce a recently published EcoEvo journal article. The goals will be to identify instructions for reproducing the analysis and figures, attempt to follow them, and reflect on the exercise. Participants will be placed in groups of mixed experience levels and will be assisted by the two instructors.","The session will run in 3 parts:</br>
1) A short introductory lecture with tips and tricks on how to attempt to reproduce a paper ;</br>
2) Attendees will break off in small groups, each attempting to reproduce a different paper and filling up a qualitative openness score sheet ;</br>
3) We will reconvene and read together the score sheets. Participants will be encouraged to continue with the reproducibility exercise after the hackathon.","This hackathon is open to anyone acquainted with the basics of running code on their computer (for example, opening and running a script in RStudio). We encourage anyone interested in the reproducibility of the code they encounter or submit in journals to join us. We will aim to balance groups between experienced and inexperiences coders.","","#conf2025-h02-eco-evo-sortee-repro-hack","https://sortee.slack.com/archives/C09H65X27KN","Ineta Kačergytė, Magdalena Wutkowska",TRUE,TRUE,TRUE,TRUE,TRUE,FALSE,FALSE,FALSE,FALSE,FALSE,FALSE
2025-10-15,"2025-10-15 14:30:00","2025-10-15 15:00:00","Workshop 1: Using and extending data standards in wildlife disease ecology","Collin Schwantes","The session’s goal is to familiarize participants with the Wildlife Disease Data Standard through hands-on activities. Participants will be able to determine when the standard is applicable, set up data collection instruments, convert existing data to be standard-compliant, and use the standard and accompanying R package to validate data. Ultimately, participants will gain a deeper understanding of how to create FAIR datasets.","The workshop will last 60 mins and be broken into 3 sections. </br>
First, introduce challenges to data re-use in disease ecology and basic concepts around using data standards (5 mins);</br>
second, introduce the wildlife disease data standard (10 min);</br>
third, use the Wildlife Disease Data Standard and associated R package in hands-on activities relevant to different components of the research data life cycle (45 mins).","Basic proficiency with excel or other spreadsheet software. Ability to install packages, load data, and run scripts in R. Ability to download or clone a repository from Github.","https://osf.io/kvb36/","#conf2025-w01-using-and-extending-data-standards-in-wildlife-disease-ecology","https://sortee.slack.com/archives/C09GWMP3275","Juliette Tariel-Adam, Stephanie Flaman",TRUE,TRUE,TRUE,FALSE,FALSE,FALSE,FALSE,FALSE,FALSE,FALSE,FALSE
2025-10-15,"2025-10-15 15:00:00","2025-10-15 15:25:00","Workshop 1 (continued)","Collin Schwantes","The session’s goal is to familiarize participants with the Wildlife Disease Data Standard through hands-on activities. Participants will be able to determine when the standard is applicable, set up data collection instruments, convert existing data to be standard-compliant, and use the standard and accompanying R package to validate data. Ultimately, participants will gain a deeper understanding of how to create FAIR datasets.","The workshop will last 60 mins and be broken into 3 sections. </br>
First, introduce challenges to data re-use in disease ecology and basic concepts around using data standards (5 mins);</br>
second, introduce the wildlife disease data standard (10 min);</br>
third, use the Wildlife Disease Data Standard and associated R package in hands-on activities relevant to different components of the research data life cycle (45 mins).","Basic proficiency with excel or other spreadsheet software. Ability to install packages, load data, and run scripts in R. Ability to download or clone a repository from Github.","https://osf.io/kvb36/","#conf2025-w01-using-and-extending-data-standards-in-wildlife-disease-ecology","https://sortee.slack.com/archives/C09GWMP3275","Juliette Tariel-Adam, Stephanie Flaman",TRUE,TRUE,TRUE,FALSE,FALSE,FALSE,FALSE,FALSE,FALSE,FALSE,FALSE
2025-10-15,"2025-10-15 15:30:00","2025-10-15 16:00:00","Plenary Talk by Israel Borokini: Advancing ecology and evolutionary research in the Global South - African context","Israel Borokini","Despite representing almost 20% of global population, Africa contributes less than 2% of global R&D. The presentation will discuss research challenges on the continent, relative to other Global South regions, and share perspectives to address them.","40 min presentation, 20 min questions","Everyone","https://osf.io/j64kz/","#conf2025-plenary1-israel-borokini","https://sortee.slack.com/archives/C09HEJUBCF3","Stephanie Flaman, Magdalena Wutkowska",TRUE,TRUE,TRUE,FALSE,FALSE,FALSE,FALSE,FALSE,FALSE,FALSE,FALSE
2025-10-15,"2025-10-15 16:00:00","2025-10-15 16:30:00","Plenary Talk 1 (continued)","Israel Borokini","Despite representing almost 20% of global population, Africa contributes less than 2% of global R&D. The presentation will discuss research challenges on the continent, relative to other Global South regions, and share perspectives to address them.","40 min presentation, 20 min questions","Everyone","https://osf.io/j64kz/","#conf2025-plenary1-israel-borokini","https://sortee.slack.com/archives/C09HEJUBCF3","Stephanie Flaman, Magdalena Wutkowska",TRUE,TRUE,TRUE,FALSE,FALSE,FALSE,FALSE,FALSE,FALSE,FALSE,FALSE
2025-10-15,"2025-10-15 16:30:00","2025-10-15 17:00:00","Unconference 3: Researchers experiences with Registered Reports in Ecology and Evolutionary Biology","Joel Pick, Marija Purgar, Kevin Bairos-Novak, Shinichi Nakagawa,  Losia Lagisz","Registered reports are a key tool in addressing the replication crisis by increasing transparency, addressing questionable research practices, and reducing research waste and publication bias. However, their uptake in Ecology and Evolutionary Biology is extremely low for several reasons, including lack of awareness and misconceptions. We aim to address these issues in an open discussion with researchers experienced with Registered Reports in Ecology and Evolutionary Biology.","We will host an open discussion with a panel of researchers in Ecology and Evolutionary Biology that have used registered reports. We aim to inform researchers about registered reports, and discuss some actionable goals to try and increase registered reports with Ecology and Evolutionary Biology. We will guide the discussion to key topics such as ‘how was the experience of submitting a registered report‘, ‘what problems did you encounter’, ‘how can we improve the experience of submitting registered reports’.","Everyone","","#conf2025-u03-researchers-experiences-with-registered-reports","https://sortee.slack.com/archives/C09GY7B52DT","Magdalena Wutkowska, Marija Purgar",TRUE,TRUE,TRUE,FALSE,FALSE,FALSE,TRUE,FALSE,FALSE,FALSE,FALSE
2025-10-15,"2025-10-15 17:00:00","2025-10-15 17:25:00","Unconference 3 (continued)","Joel Pick, Marija Purgar, Kevin Bairos-Novak, Shinichi Nakagawa,  Losia Lagisz","Registered reports are a key tool in addressing the replication crisis by increasing transparency, addressing questionable research practices, and reducing research waste and publication bias. However, their uptake in Ecology and Evolutionary Biology is extremely low for several reasons, including lack of awareness and misconceptions. We aim to address these issues in an open discussion with researchers experienced with Registered Reports in Ecology and Evolutionary Biology.","We will host an open discussion with a panel of researchers in Ecology and Evolutionary Biology that have used registered reports. We aim to inform researchers about registered reports, and discuss some actionable goals to try and increase registered reports with Ecology and Evolutionary Biology. We will guide the discussion to key topics such as ‘how was the experience of submitting a registered report‘, ‘what problems did you encounter’, ‘how can we improve the experience of submitting registered reports’.","Everyone","","#conf2025-u03-researchers-experiences-with-registered-reports","https://sortee.slack.com/archives/C09GY7B52DT","Magdalena Wutkowska, Marija Purgar",TRUE,TRUE,TRUE,FALSE,FALSE,FALSE,TRUE,FALSE,FALSE,FALSE,FALSE
2025-10-15,"2025-10-15 17:30:00","2025-10-15 18:00:00","Hackathon 3: Database of open science policies for major national funding agencies","Dominique Roche","National funding agencies have a lot of leverage to change research practices, not only in E&E, but in all fields of research, and many have adopted policies that encourage or require open science practices. Previous efforts by SORTEE members to document and centralize the data and code policies of E&E journals have produced publicly available databases and associated papers for use by (meta)researchers but centralized information on funder policies is lacking. This hackathon will adopt a similar approach, focusing on funders rather than journals, to address a critical information gap, which will enable researchers from around the globe to better understand their responsibilities when accepting funding; funding agencies to compare and align their policies to those of other funders; and metaresearchers to monitor changes in open science policies over time and across jurisdictions.","Participants will be introduced to the purpose and aim of the hackathon at the start of the session (short presentation by the facilitator);</br>
the methods will be explained, including data collection via a Google form, task assignment for each participant, data validation procedures, and post-hackathon communication;</br>
participants will then be introduced to the data collection methods via a live demonstration. Data collection will begin during the hackathon and continue afterwards (estimated 2-3h of post-hackathon work per participant). The database resulting from the hackathon will be shared publicly, with the aim of producing a paper providing a snapshot of open science policy status for national funding agencies from groups such as the G7, G20, OECD.","Everyone. All participants are welcome to join the hackathon. No specific expertise is required.","https://osf.io/raxsn/","#conf2025-h03-database-of-open-science-polices-for-major-funding-agencies","https://sortee.slack.com/archives/C09H6609CJY","Ineta Kačergytė, Juliette Tariel-Adam",TRUE,TRUE,TRUE,FALSE,TRUE,FALSE,FALSE,FALSE,FALSE,FALSE,FALSE
2025-10-15,"2025-10-15 18:00:00","2025-10-15 18:30:00","Hackathon 3 (continued)","Dominique Roche","National funding agencies have a lot of leverage to change research practices, not only in E&E, but in all fields of research, and many have adopted policies that encourage or require open science practices. Previous efforts by SORTEE members to document and centralize the data and code policies of E&E journals have produced publicly available databases and associated papers for use by (meta)researchers but centralized information on funder policies is lacking. This hackathon will adopt a similar approach, focusing on funders rather than journals, to address a critical information gap, which will enable researchers from around the globe to better understand their responsibilities when accepting funding; funding agencies to compare and align their policies to those of other funders; and metaresearchers to monitor changes in open science policies over time and across jurisdictions.","Participants will be introduced to the purpose and aim of the hackathon at the start of the session (short presentation by the facilitator);</br>
the methods will be explained, including data collection via a Google form, task assignment for each participant, data validation procedures, and post-hackathon communication;</br>
participants will then be introduced to the data collection methods via a live demonstration. Data collection will begin during the hackathon and continue afterwards (estimated 2-3h of post-hackathon work per participant). The database resulting from the hackathon will be shared publicly, with the aim of producing a paper providing a snapshot of open science policy status for national funding agencies from groups such as the G7, G20, OECD.","Everyone. All participants are welcome to join the hackathon. No specific expertise is required.","https://osf.io/raxsn/","#conf2025-h03-database-of-open-science-polices-for-major-funding-agencies","https://sortee.slack.com/archives/C09H6609CJY","Ineta Kačergytė, Juliette Tariel-Adam",TRUE,TRUE,TRUE,FALSE,TRUE,FALSE,FALSE,FALSE,FALSE,FALSE,FALSE
2025-10-15,"2025-10-15 18:30:00","2025-10-15 19:00:00","Hackathon 3 (continued)","Dominique Roche","National funding agencies have a lot of leverage to change research practices, not only in E&E, but in all fields of research, and many have adopted policies that encourage or require open science practices. Previous efforts by SORTEE members to document and centralize the data and code policies of E&E journals have produced publicly available databases and associated papers for use by (meta)researchers but centralized information on funder policies is lacking. This hackathon will adopt a similar approach, focusing on funders rather than journals, to address a critical information gap, which will enable researchers from around the globe to better understand their responsibilities when accepting funding; funding agencies to compare and align their policies to those of other funders; and metaresearchers to monitor changes in open science policies over time and across jurisdictions.","Participants will be introduced to the purpose and aim of the hackathon at the start of the session (short presentation by the facilitator);</br>
the methods will be explained, including data collection via a Google form, task assignment for each participant, data validation procedures, and post-hackathon communication;</br>
participants will then be introduced to the data collection methods via a live demonstration. Data collection will begin during the hackathon and continue afterwards (estimated 2-3h of post-hackathon work per participant). The database resulting from the hackathon will be shared publicly, with the aim of producing a paper providing a snapshot of open science policy status for national funding agencies from groups such as the G7, G20, OECD.","Everyone. All participants are welcome to join the hackathon. No specific expertise is required.","https://osf.io/raxsn/","#conf2025-h03-database-of-open-science-polices-for-major-funding-agencies","https://sortee.slack.com/archives/C09H6609CJY","Ineta Kačergytė, Juliette Tariel-Adam",TRUE,TRUE,TRUE,FALSE,TRUE,FALSE,FALSE,FALSE,FALSE,FALSE,FALSE
2025-10-15,"2025-10-15 19:00:00","2025-10-15 19:30:00","Lunch break / Social mixer","SORTEE Member Engagement Committee","Join us for a relaxed and fun chat","The break involves a surprise activity! We invite you for 15 minutes of socialising with other attendees, followed by 15 minutes for a personal coffee or lunch break.","Everyone","","#conference2025","https://sortee.slack.com/archives/C09H0S271V4","Ineta Kačergytė, Stephanie Flaman",TRUE,TRUE,TRUE,FALSE,TRUE,FALSE,FALSE,FALSE,FALSE,FALSE,FALSE
2025-10-15,"2025-10-15 19:30:00","2025-10-15 20:00:00","Workshop 2: SORTEE Research Collaborations – What, Why, and How?","Malgorzata (Losia) Lagisz","Organising a collaborative asynchronous research project is not a trivial task - this workshop will share lessons learned through experience, including both successes and challenges. I will provide a brief overview of past and ongoing SORTEE collaborative research projects, highlight key outcomes (publications, datasets, and code), and offer practical strategies for organizing and leading successful, open collaborations. Participants are welcome to contact the facilitators for additional advice and materials.","This workshop builds on the SORTEE hackathons of 2022–2024 and subsequent follow-up projects. It will include short presentations, discussions, and interactive activities. The focus will be on developing a framework for equitable, productive, and enjoyable collaborations. This session is relevant to anyone interested in starting or improving their collaborative research projects.","Everyone","","#conf2025-w02-sortee-research-collaborations","https://sortee.slack.com/archives/C09H1BQREJE","Stephanie Flaman, Juliette Tariel-Adam",TRUE,TRUE,FALSE,FALSE,TRUE,FALSE,FALSE,FALSE,FALSE,FALSE,FALSE
2025-10-15,"2025-10-15 20:00:00","2025-10-15 20:30:00","Workshop 2 (continued)","Malgorzata (Losia) Lagisz","Organising a collaborative asynchronous research project is not a trivial task - this workshop will share lessons learned through experience, including both successes and challenges. I will provide a brief overview of past and ongoing SORTEE collaborative research projects, highlight key outcomes (publications, datasets, and code), and offer practical strategies for organizing and leading successful, open collaborations. Participants are welcome to contact the facilitators for additional advice and materials.","This workshop builds on the SORTEE hackathons of 2022–2024 and subsequent follow-up projects. It will include short presentations, discussions, and interactive activities. The focus will be on developing a framework for equitable, productive, and enjoyable collaborations. This session is relevant to anyone interested in starting or improving their collaborative research projects.","Everyone","","#conf2025-w02-sortee-research-collaborations","https://sortee.slack.com/archives/C09H1BQREJE","Stephanie Flaman, Juliette Tariel-Adam",TRUE,TRUE,FALSE,FALSE,TRUE,FALSE,FALSE,FALSE,FALSE,FALSE,FALSE
2025-10-15,"2025-10-15 20:30:00","2025-10-15 20:50:00","Workshop 2 (continued)","Malgorzata (Losia) Lagisz","Organising a collaborative asynchronous research project is not a trivial task - this workshop will share lessons learned through experience, including both successes and challenges. I will provide a brief overview of past and ongoing SORTEE collaborative research projects, highlight key outcomes (publications, datasets, and code), and offer practical strategies for organizing and leading successful, open collaborations. Participants are welcome to contact the facilitators for additional advice and materials.","This workshop builds on the SORTEE hackathons of 2022–2024 and subsequent follow-up projects. It will include short presentations, discussions, and interactive activities. The focus will be on developing a framework for equitable, productive, and enjoyable collaborations. This session is relevant to anyone interested in starting or improving their collaborative research projects.","Everyone","","#conf2025-w02-sortee-research-collaborations","https://sortee.slack.com/archives/C09H1BQREJE","Stephanie Flaman, Juliette Tariel-Adam",TRUE,TRUE,FALSE,FALSE,TRUE,FALSE,FALSE,FALSE,FALSE,FALSE,FALSE
2025-10-15,"2025-10-15 21:00:00","2025-10-15 21:30:00","Plenary Talk by Simine Vazire: Where are the Self-Correcting Mechanisms in Science?","Simine Vazire","We often hear the self-correcting mechanisms in science invoked as a reason to trust science, but it is not always clear what these mechanisms are. Some quality control mechanisms, such as peer review for journals, have been found not to provide much of a safeguard against invalid claims. Instead, I argue that we should look for visible signs of a scientific community's commitment to self-correction. These signs include transparency in the research and peer review process, investment in error detection and quality control, and an emphasis on calibration rather than popularization. We should trust scientific claims more to the extent that they were produced by communities that have these hallmarks of credibility. Fields that are more transparent, rigorous, and calibrated should earn more trust. Metascience can provide scientists and the public with valuable information in assessing the credibility of scientific fields.","40 min presentation, 20 min questions","Everyone","https://osf.io/5gmyu/","#conf2025-plenary2-simine-vazire","https://sortee.slack.com/archives/C09GWMSCESF","Ineta Kačergytė, Stephanie Flaman",TRUE,TRUE,FALSE,FALSE,TRUE,FALSE,FALSE,FALSE,FALSE,FALSE,FALSE
2025-10-15,"2025-10-15 21:30:00","2025-10-15 22:00:00","Plenary Talk 2 (continued)","Simine Vazire","We often hear the self-correcting mechanisms in science invoked as a reason to trust science, but it is not always clear what these mechanisms are. Some quality control mechanisms, such as peer review for journals, have been found not to provide much of a safeguard against invalid claims. Instead, I argue that we should look for visible signs of a scientific community's commitment to self-correction. These signs include transparency in the research and peer review process, investment in error detection and quality control, and an emphasis on calibration rather than popularization. We should trust scientific claims more to the extent that they were produced by communities that have these hallmarks of credibility. Fields that are more transparent, rigorous, and calibrated should earn more trust. Metascience can provide scientists and the public with valuable information in assessing the credibility of scientific fields.","40 min presentation, 20 min questions","Everyone","https://osf.io/5gmyu/","#conf2025-plenary2-simine-vazire","https://sortee.slack.com/archives/C09GWMSCESF","Ineta Kačergytė, Stephanie Flaman",TRUE,TRUE,FALSE,FALSE,TRUE,FALSE,FALSE,FALSE,FALSE,FALSE,FALSE
2025-10-15,"2025-10-15 22:00:00","2025-10-15 22:30:00","Workshop 3: The Confound Hour: Promoting Open Discussions of Scientific Failure at Scientific Conferences","Megan Hagenauer, Juliette Tariel-Adam","Scientific meetings celebrate scientific achievement: famous keynote speakers, beautiful results, award ceremonies. This focus is exciting and invigorating, but glosses over the many failures, mistakes, and rejections that typically lead to scientific success. By creating space within scientific meetings for open conversation about failure we can increase scientific transparency and resilience.
By attending this workshop, we hope attendees will:
1) Recognize that the experience of failure in science is universal and essential for insight and growth.
2) Feel more comfortable acknowledging and discussing struggle and failure with colleagues and trainees.
3) Have a toolbox of activities and games for promoting open discussions of scientific failure within their own communities and events.","In this workshop, we will share the materials that we have used at a large international scientific conference during the past four years (Society for Neuroscience: 2021-2024) to promote open discussions of scientific failure, including formal storytelling, individual and interactive games, and confessionals (overview: https://doi.org/10.1523/ENEURO.0524-24.2024). For each activity, we will provide the rationale and practical guidance regarding logistics and usage. We will also demonstrate a few of the games, allowing workshop participants to experience open discussions of scientific failure in a professional setting. The end of the workshop will center on brainstorming how participants can best adapt the activities to their own communities or local events.","Everyone","","#conf2025-w03-promoting-open-discussions-of-scientific-failure-at-conferences","https://sortee.slack.com/archives/C09H1BRS5GA","Juliette Tariel-Adam, Aphrodis Munyaneza",TRUE,TRUE,FALSE,FALSE,FALSE,FALSE,FALSE,TRUE,FALSE,FALSE,FALSE
2025-10-15,"2025-10-15 22:30:00","2025-10-15 23:00:00","Workshop 3 (continued)","Megan Hagenauer, Juliette Tariel-Adam","Scientific meetings celebrate scientific achievement: famous keynote speakers, beautiful results, award ceremonies. This focus is exciting and invigorating, but glosses over the many failures, mistakes, and rejections that typically lead to scientific success. By creating space within scientific meetings for open conversation about failure we can increase scientific transparency and resilience.</br>
By attending this workshop, we hope attendees will:</br>
1) Recognize that the experience of failure in science is universal and essential for insight and growth.</br>
2) Feel more comfortable acknowledging and discussing struggle and failure with colleagues and trainees.</br>
3) Have a toolbox of activities and games for promoting open discussions of scientific failure within their own communities and events.","In this workshop, we will share the materials that we have used at a large international scientific conference during the past four years (Society for Neuroscience: 2021-2024) to promote open discussions of scientific failure, including formal storytelling, individual and interactive games, and confessionals (overview: https://doi.org/10.1523/ENEURO.0524-24.2024). For each activity, we will provide the rationale and practical guidance regarding logistics and usage. We will also demonstrate a few of the games, allowing workshop participants to experience open discussions of scientific failure in a professional setting. The end of the workshop will center on brainstorming how participants can best adapt the activities to their own communities or local events.","Everyone","","#conf2025-w03-promoting-open-discussions-of-scientific-failure-at-conferences","https://sortee.slack.com/archives/C09H1BRS5GA","Juliette Tariel-Adam, Aphrodis Munyaneza",TRUE,TRUE,FALSE,FALSE,FALSE,FALSE,FALSE,TRUE,FALSE,FALSE,FALSE
2025-10-15,"2025-10-15 23:00:00","2025-10-15 23:30:00","Workshop 3 (continued)","Megan Hagenauer, Juliette Tariel-Adam","Scientific meetings celebrate scientific achievement: famous keynote speakers, beautiful results, award ceremonies. This focus is exciting and invigorating, but glosses over the many failures, mistakes, and rejections that typically lead to scientific success. By creating space within scientific meetings for open conversation about failure we can increase scientific transparency and resilience.
By attending this workshop, we hope attendees will:
1) Recognize that the experience of failure in science is universal and essential for insight and growth.
2) Feel more comfortable acknowledging and discussing struggle and failure with colleagues and trainees.
3) Have a toolbox of activities and games for promoting open discussions of scientific failure within their own communities and events.","In this workshop, we will share the materials that we have used at a large international scientific conference during the past four years (Society for Neuroscience: 2021-2024) to promote open discussions of scientific failure, including formal storytelling, individual and interactive games, and confessionals (overview: https://doi.org/10.1523/ENEURO.0524-24.2024). For each activity, we will provide the rationale and practical guidance regarding logistics and usage. We will also demonstrate a few of the games, allowing workshop participants to experience open discussions of scientific failure in a professional setting. The end of the workshop will center on brainstorming how participants can best adapt the activities to their own communities or local events.","Everyone","","#conf2025-w03-promoting-open-discussions-of-scientific-failure-at-conferences","https://sortee.slack.com/archives/C09H1BRS5GA","Juliette Tariel-Adam, Aphrodis Munyaneza",TRUE,TRUE,FALSE,FALSE,FALSE,FALSE,FALSE,TRUE,FALSE,FALSE,FALSE
2025-10-15,"2025-10-15 23:30:00","2025-10-15 23:50:00","Workshop 3 (continued)","Megan Hagenauer, Juliette Tariel-Adam","Scientific meetings celebrate scientific achievement: famous keynote speakers, beautiful results, award ceremonies. This focus is exciting and invigorating, but glosses over the many failures, mistakes, and rejections that typically lead to scientific success. By creating space within scientific meetings for open conversation about failure we can increase scientific transparency and resilience.
By attending this workshop, we hope attendees will:
1) Recognize that the experience of failure in science is universal and essential for insight and growth.
2) Feel more comfortable acknowledging and discussing struggle and failure with colleagues and trainees.
3) Have a toolbox of activities and games for promoting open discussions of scientific failure within their own communities and events.","In this workshop, we will share the materials that we have used at a large international scientific conference during the past four years (Society for Neuroscience: 2021-2024) to promote open discussions of scientific failure, including formal storytelling, individual and interactive games, and confessionals (overview: https://doi.org/10.1523/ENEURO.0524-24.2024). For each activity, we will provide the rationale and practical guidance regarding logistics and usage. We will also demonstrate a few of the games, allowing workshop participants to experience open discussions of scientific failure in a professional setting. The end of the workshop will center on brainstorming how participants can best adapt the activities to their own communities or local events.","Everyone","","#conf2025-w03-promoting-open-discussions-of-scientific-failure-at-conferences","https://sortee.slack.com/archives/C09H1BRS5GA","Juliette Tariel-Adam, Aphrodis Munyaneza",TRUE,TRUE,FALSE,FALSE,FALSE,FALSE,FALSE,TRUE,FALSE,FALSE,FALSE
2025-10-16,"2025-10-16 00:00:00","2025-10-16 00:30:00","Introduction to Open Science Practices: The ‘what’, ‘why’, and ‘how’ of open science","SORTEE Education & Outreach Committee","What is open science, why does it matter, and how can you make your work more transparent? This introductory session will provide a brief overview of key areas in open, reliable, and transparent research.","A presentation broken up into key topics (e.g., ""Code and data sharing"" or ""Preprints""). For each, the facilitators will explain what it means, the motivation for doing it, and give links to useful resources (papers, tools like EcoEvoRxiv, Dryad, etc.)","A session dedicated to people new to open science practices but everybody is welcome to attend!","https://osf.io/qf2dv/","#conf2025-introduction-to-open-science","https://sortee.slack.com/archives/C09HUSLKQBS","Stephanie Flaman",FALSE,TRUE,FALSE,FALSE,FALSE,FALSE,FALSE,FALSE,FALSE,FALSE,FALSE
2025-10-16,"2025-10-16 00:30:00","2025-10-16 00:55:00","Introduction to Open Science Practices (continued)","SORTEE Education & Outreach Committee","What is open science, why does it matter, and how can you make your work more transparent? This introductory session will provide a brief overview of key areas in open, reliable, and transparent research.","A presentation broken up into key topics (e.g., ""Code and data sharing"" or ""Preprints""). For each, the facilitators will explain what it means, the motivation for doing it, and give links to useful resources (papers, tools like EcoEvoRxiv, Dryad, etc.)","A session dedicated to people new to open science practices but everybody is welcome to attend!","https://osf.io/qf2dv/","#conf2025-introduction-to-open-science","https://sortee.slack.com/archives/C09HUSLKQBS","Stephanie Flaman",FALSE,TRUE,FALSE,FALSE,FALSE,FALSE,FALSE,FALSE,FALSE,FALSE,FALSE
2025-10-16,"2025-10-16 01:00:00","2025-10-16 01:30:00","Unconference 4: What do LLMs mean for open science?","Saoirse Kelleher, Elliot Gould","The last three years have seen the rapid uptake of large language models (LLMs) across nearly every facet of the scientific research process. There has been much debate over the pros and cons of this development in general, but comparatively less about the implications for open science specifically. In this Unconference session, we will lead a discussion on the potential challenges and opportunities for open, reliable, and transparent research in the face of widespread use of LLMs.","This session will begin with some open questions querying the possible impacts of LLMs on open science - what are the possible ways they can support our mission, and what are the foreseeable risks that may emerge from their use? We will frame the remainder of the discussion around the answers to these prompts, focusing on the areas that attendees believe are the most important points for discussion. To end the session, we will ask what (if anything) SORTEE and other similar groups should be doing to navigate the shifting open science ecosystem in the LLM era.","This session is open to everyone, including those with strong views on either side of this debate.","https://osf.io/6psu7/","#conf2025-u04-what-do-llms-mean-for-open-science","https://sortee.slack.com/archives/C09H1BTEK98","Stephanie Flaman, Losia Lagisz",FALSE,TRUE,FALSE,FALSE,FALSE,FALSE,FALSE,FALSE,FALSE,TRUE,FALSE
2025-10-16,"2025-10-16 01:30:00","2025-10-16 01:55:00","Unconference 4 (continued)","Saoirse Kelleher, Elliot Gould","The last three years have seen the rapid uptake of large language models (LLMs) across nearly every facet of the scientific research process. There has been much debate over the pros and cons of this development in general, but comparatively less about the implications for open science specifically. In this Unconference session, we will lead a discussion on the potential challenges and opportunities for open, reliable, and transparent research in the face of widespread use of LLMs.","This session will begin with some open questions querying the possible impacts of LLMs on open science - what are the possible ways they can support our mission, and what are the foreseeable risks that may emerge from their use? We will frame the remainder of the discussion around the answers to these prompts, focusing on the areas that attendees believe are the most important points for discussion. To end the session, we will ask what (if anything) SORTEE and other similar groups should be doing to navigate the shifting open science ecosystem in the LLM era.","This session is open to everyone, including those with strong views on either side of this debate.","https://osf.io/6psu7/","#conf2025-u04-what-do-llms-mean-for-open-science","https://sortee.slack.com/archives/C09H1BTEK98","Stephanie Flaman, Losia Lagisz",FALSE,TRUE,FALSE,FALSE,FALSE,FALSE,FALSE,FALSE,FALSE,TRUE,FALSE
2025-10-16,"2025-10-16 02:00:00","2025-10-16 02:30:00","Hackathon 4: Evaluating FAIR principles and uncertainty in mechanistic models from ecology and evolution","Kevin Bairos-Novak","The main goal of the hackathon is to develop a framework for evaluating mechanistic models’ openness, transparency, reproducibility, and methods of assessing model precision and accuracy. This framework will subsequently be applied to studies using mechanistic modelling in ecology and evolution after the hackathon.","In this session, we will:<br>
1) introduce participants to what exactly are mechanistic models in ecology and evolution,<br>
2) highlight broad issues of reproducibility, validation, sensitivity, and uncertainty quantification within mechanistic models,<br>
3) provide a proposed framework for assessing models in terms of the FAIR principles and develop principles as a group to assessing mechanistic modelling studies specifically, and<br>
4) apply these principles to a pilot study (time permitting).<br>
We hope to eventually develop a publication or commentary piece as a result of the hackathon, and participants will be informed of the steps required to contribute to the project and be a co-author going forward after the hackathon.","Everyone – prior knowledge of mechanistic models is an asset but not required. Just arrive with a willingness to learn!","https://osf.io/qtfrm/","#conf2025-h04-evaluating-fair-principles-and-uncertainty-in-mechanistic-models","https://sortee.slack.com/archives/C09H6650DQU","Stephanie Flaman, Losia Lagisz",FALSE,TRUE,FALSE,FALSE,FALSE,FALSE,FALSE,FALSE,FALSE,TRUE,TRUE
2025-10-16,"2025-10-16 02:30:00","2025-10-16 02:55:00","Hackathon 4 (continued)","Kevin Bairos-Novak","The main goal of the hackathon is to develop a framework for evaluating mechanistic models’ openness, transparency, reproducibility, and methods of assessing model precision and accuracy. This framework will subsequently be applied to studies using mechanistic modelling in ecology and evolution after the hackathon.","In this session, we will:<br>
1) introduce participants to what exactly are mechanistic models in ecology and evolution,<br>
2) highlight broad issues of reproducibility, validation, sensitivity, and uncertainty quantification within mechanistic models,<br>
3) provide a proposed framework for assessing models in terms of the FAIR principles and develop principles as a group to assessing mechanistic modelling studies specifically, and<br>
4) apply these principles to a pilot study (time permitting).<br>
We hope to eventually develop a publication or commentary piece as a result of the hackathon, and participants will be informed of the steps required to contribute to the project and be a co-author going forward after the hackathon.","Everyone – prior knowledge of mechanistic models is an asset but not required. Just arrive with a willingness to learn!","https://osf.io/qtfrm/","#conf2025-h04-evaluating-fair-principles-and-uncertainty-in-mechanistic-models","https://sortee.slack.com/archives/C09H6650DQU","Stephanie Flaman, Losia Lagisz",FALSE,TRUE,FALSE,FALSE,FALSE,FALSE,FALSE,FALSE,FALSE,TRUE,TRUE
2025-10-16,"2025-10-16 03:00:00","2025-10-16 03:30:00","Hackathon 5: Let’s expand the dataset of learned societies in ecology and evolutionary biology","Malgorzata (Losia) Lagisz","We will expand the existing dataset of learned societies in ecology and evolutionary biology—currently focused mostly on international organizations—by adding a broad range of national-level societies from around the world, which are currently underrepresented. Once complete, this enhanced dataset will provide a foundation for future meta-research projects and support SORTEE’s efforts to engage with more learned societies. This hackathon will also offer structured networking opportunities to explore transparent methods for online data collection, and it will serve as a forum for generating ideas for future initiatives that connect learned societies with Open Science.","After a brief introduction, participants will collect and submit structured data on relevant societies through online forms, which will feed into a shared dataset. After the hackathon, we will acknowledge all contributors and coordinate asynchronous data cross-checking and gap-filling using shared online forms and spreadsheets. Collaboration and communication will be maintained through email, Slack, and Zoom as needed. Finalised dataset will be publicly deposited with a DOI, and we may also prepare a data manuscript for EcoEvoRxiv, with all eligible contributors listed as co-authors. This initiative builds on the SORTEE hackathons of 2022, 2023, and 2024, using the same framework to ensure equitable, productive, and enjoyable collaboration.","No specialist skills are required—this topic is accessible and relevant to researchers at all career stages worldwide. We particularly welcome participants with diverse linguistic backgrounds, as many local societies have an online presence only in non-English languages. This project offers a unique opportunity to showcase the diversity of learned societies from non-English-speaking countries and to build lasting connections between these societies and SORTEE.","","#conf2025-h05-lets-expand-the-dataset-of-learned-societies","https://sortee.slack.com/archives/C09HUSZE9NC","Stephanie Flaman, Abdulmalik Usman",FALSE,TRUE,FALSE,FALSE,FALSE,FALSE,FALSE,FALSE,FALSE,FALSE,TRUE
2025-10-16,"2025-10-16 03:30:00","2025-10-16 04:00:00","Hackathon 5 (continued)","Malgorzata (Losia) Lagisz","We will expand the existing dataset of learned societies in ecology and evolutionary biology—currently focused mostly on international organizations—by adding a broad range of national-level societies from around the world, which are currently underrepresented. Once complete, this enhanced dataset will provide a foundation for future meta-research projects and support SORTEE’s efforts to engage with more learned societies. This hackathon will also offer structured networking opportunities to explore transparent methods for online data collection, and it will serve as a forum for generating ideas for future initiatives that connect learned societies with Open Science.","After a brief introduction, participants will collect and submit structured data on relevant societies through online forms, which will feed into a shared dataset. After the hackathon, we will acknowledge all contributors and coordinate asynchronous data cross-checking and gap-filling using shared online forms and spreadsheets. Collaboration and communication will be maintained through email, Slack, and Zoom as needed. Finalised dataset will be publicly deposited with a DOI, and we may also prepare a data manuscript for EcoEvoRxiv, with all eligible contributors listed as co-authors. This initiative builds on the SORTEE hackathons of 2022, 2023, and 2024, using the same framework to ensure equitable, productive, and enjoyable collaboration.","No specialist skills are required—this topic is accessible and relevant to researchers at all career stages worldwide. We particularly welcome participants with diverse linguistic backgrounds, as many local societies have an online presence only in non-English languages. This project offers a unique opportunity to showcase the diversity of learned societies from non-English-speaking countries and to build lasting connections between these societies and SORTEE.","","#conf2025-h05-lets-expand-the-dataset-of-learned-societies","https://sortee.slack.com/archives/C09HUSZE9NC","Stephanie Flaman, Abdulmalik Usman",FALSE,TRUE,FALSE,FALSE,FALSE,FALSE,FALSE,FALSE,FALSE,FALSE,TRUE
2025-10-16,"2025-10-16 04:00:00","2025-10-16 04:30:00","Lunch break / Social mixer","","Join us for a relaxed and nice break","There is no scheduled activity, but you are welcome to stay and chat with other participants.","Everyone","","#conference2025","https://sortee.slack.com/archives/C09H0S271V4","Stephanie Flaman, Oluwaseyi Famoofo",FALSE,TRUE,FALSE,FALSE,FALSE,FALSE,FALSE,FALSE,TRUE,FALSE,FALSE
2025-10-16,"2025-10-16 04:30:00","2025-10-16 05:00:00","","","","","","","","","Stephanie Flaman, Oluwaseyi Famoofo",FALSE,TRUE,FALSE,FALSE,FALSE,FALSE,FALSE,FALSE,TRUE,FALSE,FALSE
2025-10-16,"2025-10-16 05:00:00","2025-10-16 05:30:00","","","","","","","","","Stephanie Flaman, Oluwaseyi Famoofo",FALSE,TRUE,FALSE,FALSE,FALSE,FALSE,FALSE,FALSE,TRUE,FALSE,FALSE
2025-10-16,"2025-10-16 05:30:00","2025-10-16 06:00:00","","","","","","","","","Juliette Tariel-Adam, Oluwaseyi Famoofo",TRUE,FALSE,FALSE,FALSE,FALSE,FALSE,FALSE,FALSE,TRUE,FALSE,FALSE
2025-10-16,"2025-10-16 06:00:00","2025-10-16 06:30:00","Unconference 5: How to start your own Code Club","Cecilia Baldoni, Saoirse Kelleher","This session explores how researchers at all levels (from bachelor students to faculty) can establish and grow code clubs within academic environments. The main goal is to foster peer learning and the adoption of practical coding skills directly linked to research needs. Participants will share experiences, tackle common challenges, and swap resources to build sustainable and inclusive code communities.","The session begins with brief introductions to surface participant backgrounds and coding motivations. Participants then collaboratively identify pressing questions and themes, which feed into an interactive discussion or breakout groups targeting the unique challenges of academic code clubs. The group reconvenes to swap favorite resources and compile ongoing community tools. The session closes with concrete action steps and networking opportunities to sustain momentum beyond the event.","Everyone","","#conf2025-u05-how-to-start-your-own-code-club","https://sortee.slack.com/archives/C09H1BW54N6","Juliette Tariel-Adam, Sofia Paraskevopoulou",TRUE,FALSE,FALSE,FALSE,FALSE,TRUE,FALSE,FALSE,FALSE,FALSE,FALSE
2025-10-16,"2025-10-16 06:30:00","2025-10-16 06:55:00","Unconference 5 (continued)","Cecilia Baldoni, Saoirse Kelleher","This session explores how researchers at all levels (from bachelor students to faculty) can establish and grow code clubs within academic environments. The main goal is to foster peer learning and the adoption of practical coding skills directly linked to research needs. Participants will share experiences, tackle common challenges, and swap resources to build sustainable and inclusive code communities.","The session begins with brief introductions to surface participant backgrounds and coding motivations. Participants then collaboratively identify pressing questions and themes, which feed into an interactive discussion or breakout groups targeting the unique challenges of academic code clubs. The group reconvenes to swap favorite resources and compile ongoing community tools. The session closes with concrete action steps and networking opportunities to sustain momentum beyond the event.","Everyone","","#conf2025-u05-how-to-start-your-own-code-club","https://sortee.slack.com/archives/C09H1BW54N6","Juliette Tariel-Adam, Sofia Paraskevopoulou",TRUE,FALSE,FALSE,FALSE,FALSE,TRUE,FALSE,FALSE,FALSE,FALSE,FALSE
2025-10-16,"2025-10-16 07:00:00","2025-10-16 07:30:00","Unconference 6: Let’s DAG in – How Directed Acyclic Graphs can help Behavioural Ecology be more transparent","Aparajitha Ramesh, Mirjam Borger","This session aims to demonstrate how Directed Acyclic Graphs (DAGs) can clarify hypotheses, reveal hidden assumptions and guide better statistical modelling in the field of behavioural ecology. Participants will engage with real biological examples and learn the basic structures of DAGs, how DAGs help decide what to control for and how to communicate their research transparently through the use of their own DAGs. We will end the session by discussing whether and how using DAGs can help communicate our research, peer review and aid reproducibility.","In this interactive session, participants will first explore how biological assumptions can influence model choice by selecting from different linear regression models using a live poll, followed by a short discussion to unpack their reasoning. We will then introduce the fundamental concepts of Directed Acyclic Graphs (DAGs) and do an exercise with biological examples to let participants identify appropriate controls, collaborating in breakout groups. Causal DAGs can get complicated in practice, especially in our fields, and we will demonstrate this with an example to illustrate why DAGs can still be a useful tool in our studies. We will share insights from a review of 245 papers on DAG practices, highlighting best practices and challenges. The session will conclude with a structured discussion where participants share their opinions on DAGs through a series of questions and optional whiteboard activity - “Draw your own DAG”.","Everyone. Prerequisite: basic knowledge of linear regression models","https://osf.io/awkph/","#conf2025-u06-how-dags-help-behavioural-ecology-become-more-transparent","https://sortee.slack.com/archives/C09GWMYC3CK","Magdalena Wutkowska, Marija Purgar",TRUE,FALSE,TRUE,FALSE,TRUE,FALSE,TRUE,FALSE,FALSE,FALSE,FALSE
2025-10-16,"2025-10-16 07:30:00","2025-10-16 08:00:00","Unconference 6 (continued)","Aparajitha Ramesh, Mirjam Borger","This session aims to demonstrate how Directed Acyclic Graphs (DAGs) can clarify hypotheses, reveal hidden assumptions and guide better statistical modelling in the field of behavioural ecology. Participants will engage with real biological examples and learn the basic structures of DAGs, how DAGs help decide what to control for and how to communicate their research transparently through the use of their own DAGs. We will end the session by discussing whether and how using DAGs can help communicate our research, peer review and aid reproducibility.","In this interactive session, participants will first explore how biological assumptions can influence model choice by selecting from different linear regression models using a live poll, followed by a short discussion to unpack their reasoning. We will then introduce the fundamental concepts of Directed Acyclic Graphs (DAGs) and do an exercise with biological examples to let participants identify appropriate controls, collaborating in breakout groups. Causal DAGs can get complicated in practice, especially in our fields, and we will demonstrate this with an example to illustrate why DAGs can still be a useful tool in our studies. We will share insights from a review of 245 papers on DAG practices, highlighting best practices and challenges. The session will conclude with a structured discussion where participants share their opinions on DAGs through a series of questions and optional whiteboard activity - “Draw your own DAG”.","Everyone. Prerequisite: basic knowledge of linear regression models","https://osf.io/awkph/","#conf2025-u06-how-dags-help-behavioural-ecology-become-more-transparent","https://sortee.slack.com/archives/C09GWMYC3CK","Magdalena Wutkowska, Marija Purgar",TRUE,FALSE,TRUE,FALSE,TRUE,FALSE,TRUE,FALSE,FALSE,FALSE,FALSE
2025-10-16,"2025-10-16 08:00:00","2025-10-16 08:20:00","Unconference 6 (continued)","Aparajitha Ramesh, Mirjam Borger","This session aims to demonstrate how Directed Acyclic Graphs (DAGs) can clarify hypotheses, reveal hidden assumptions and guide better statistical modelling in the field of behavioural ecology. Participants will engage with real biological examples and learn the basic structures of DAGs, how DAGs help decide what to control for and how to communicate their research transparently through the use of their own DAGs. We will end the session by discussing whether and how using DAGs can help communicate our research, peer review and aid reproducibility.","In this interactive session, participants will first explore how biological assumptions can influence model choice by selecting from different linear regression models using a live poll, followed by a short discussion to unpack their reasoning. We will then introduce the fundamental concepts of Directed Acyclic Graphs (DAGs) and do an exercise with biological examples to let participants identify appropriate controls, collaborating in breakout groups. Causal DAGs can get complicated in practice, especially in our fields, and we will demonstrate this with an example to illustrate why DAGs can still be a useful tool in our studies. We will share insights from a review of 245 papers on DAG practices, highlighting best practices and challenges. The session will conclude with a structured discussion where participants share their opinions on DAGs through a series of questions and optional whiteboard activity - “Draw your own DAG”.","Everyone. Prerequisite: basic knowledge of linear regression models","https://osf.io/awkph/","#conf2025-u06-how-dags-help-behavioural-ecology-become-more-transparent","https://sortee.slack.com/archives/C09GWMYC3CK","Magdalena Wutkowska, Marija Purgar",TRUE,FALSE,TRUE,FALSE,TRUE,FALSE,TRUE,FALSE,FALSE,FALSE,FALSE
2025-10-16,"2025-10-16 08:30:00","2025-10-16 09:00:00","Unconference 7: How to think about hypothesis testing in ecology?","Gabriela Xavier-Quintais, Daniel Lakens, Tiago A. Marques","In this unconference, we will collectively consider the role that hypothesis testing should fulfil in ecological studies: observational/randomised studies, plant/animal studies, field/laboratory studies. This discussion will be based on the reflection that there are some specific constraints in ecology studies that could limit how hypothesis testing is used: constraints on sample sizes, difficulty in controlling variables, etc. Taking this into account, we will also discuss how researchers can collectively solve the widespread problem of the misuse of hypothesis testing in scientific research in ecology.","- In the first 10 minutes, a brief overview of the theme and purpose of the unconference will be provided, accompanied by some results from a meta-scientific study in ecology. </br>
- Then, some questions will be presented, one by one, which the audience will be asked to discuss and answer together.</br>
- In the last 5/10 minutes, there will be an overview of what has been discussed, with the aim of consolidating what should be done (according to our discussion) in the near future to mitigate the problems described. The result of this dynamic discussion will be written up and shared with the SORTEE community a few days after the event, allowing everyone to read it and continue to reflect on it (two documents will be created: one static and one editable) — an important ongoing discussion.","Everyone","https://osf.io/qk7s5/","#conf2025-u07-how-to-think-about-hypothesis-testing-in-ecology","https://sortee.slack.com/archives/C09HUT27B88","Marija Purgar, Ineta Kačergytė",TRUE,FALSE,TRUE,FALSE,TRUE,FALSE,TRUE,FALSE,FALSE,FALSE,FALSE
2025-10-16,"2025-10-16 09:00:00","2025-10-16 09:45:00","Unconference 7 (continued)","Gabriela Xavier-Quintais, Daniel Lakens, Tiago A. Marques","In this unconference, we will collectively consider the role that hypothesis testing should fulfil in ecological studies: observational/randomised studies, plant/animal studies, field/laboratory studies. This discussion will be based on the reflection that there are some specific constraints in ecology studies that could limit how hypothesis testing is used: constraints on sample sizes, difficulty in controlling variables, etc. Taking this into account, we will also discuss how researchers can collectively solve the widespread problem of the misuse of hypothesis testing in scientific research in ecology.","- In the first 10 minutes, a brief overview of the theme and purpose of the unconference will be provided, accompanied by some results from a meta-scientific study in ecology. </br>
- Then, some questions will be presented, one by one, which the audience will be asked to discuss and answer together.</br>
- In the last 5/10 minutes, there will be an overview of what has been discussed, with the aim of consolidating what should be done (according to our discussion) in the near future to mitigate the problems described. The result of this dynamic discussion will be written up and shared with the SORTEE community a few days after the event, allowing everyone to read it and continue to reflect on it (two documents will be created: one static and one editable) — an important ongoing discussion.","Everyone","https://osf.io/qk7s5/","#conf2025-u07-how-to-think-about-hypothesis-testing-in-ecology","https://sortee.slack.com/archives/C09HUT27B88","Marija Purgar, Ineta Kačergytė",TRUE,FALSE,TRUE,FALSE,TRUE,FALSE,TRUE,FALSE,FALSE,FALSE,FALSE
2025-10-16,"2025-10-16 09:45:00","2025-10-16 10:00:00","Conference closing remarks & Awards Announcing","SORTEE leadership","Closing remarks & announcement of the SORTEE Awards","Short talk by SORTEE leadership and 2025 SORTEE awards announcement","Everyone","https://osf.io/jk9yu/","#conference2025","https://sortee.slack.com/archives/C09H0S271V4","Juliette Tariel-Adam, Ineta Kačergytė",TRUE,FALSE,TRUE,FALSE,TRUE,FALSE,TRUE,FALSE,FALSE,FALSE,FALSE
